{
  "total_requests": 16,
  "successful": 15,
  "failed": 1,
  "success_rate": 93.75,
  "avg_latency": 630.9322834014893,
  "p95_latency": 1890.1356220245361,
  "p99_latency": 2128.8581562042236,
  "requests_per_second": 2.954407104820009,
  "status_codes": {
    "200": 15
  },
  "duration_seconds": 5.415638208389282
}