{
  "total_requests": 333723,
  "successful": 2920,
  "failed": 330803,
  "success_rate": 0.8749771517096515,
  "avg_latency": 35337.669438940204,
  "p95_latency": 51232.22260475159,
  "p99_latency": 64148.95074605942,
  "requests_per_second": 573.3562233886855,
  "status_codes": {
    "200": 2920
  },
  "duration_seconds": 582.0517618656158
}